text/xml;28/09/2015 00:00:00;Checklist_IAnniDDF.xsl;229b8175f32b42569a90ac6d6f9e567d;55622;452ff8a3ebfe339d3b652a95ca87e8fa
text/xml;28/09/2015 00:00:00;AttoAdesioneUnicoDDF_IAnni.xsl;7424393893134aa49c306259d7c9647a;25600;0c064d3473e891c988cf43a14d8bb769
text/xml;28/09/2015 00:00:00;AttoAdesioneUnicoDDF_IIAnni.xsl;89ecf2d9e69a47e3b01576a7de5e54c1;25601;d15e87133f6b7759d6851fbbc12abe3f
text/xml;28/09/2015 00:00:00;Checklist_IIAnniDDF.xsl;5236d1abfd22483d98f4f2dfad3b4f1c;57242;6de5d6b4ca5db9bcd0712012d20de5a3
text/xml;28/09/2015 00:00:00;PIPeDdP_DDF_1Anno.xsl;d38141fa513c4ff3b2fc3dd018895c15;90725;64f169e32aca097bd5448597b56cdc25
text/xml;28/09/2015 00:00:00;AttoAdesioneUnico_DatiRiassuntivi_IAnni.xsl;6dc76eabc8fa421bbe642d4085d53a80;29178;fc5a647aa73f69d3db2a2fd94bec1d00
text/xml;28/09/2015 00:00:00;DRU_DDF_1Anno.xsl;be99b1f05fd24a99aeb0c76401d49456;67612;8fda95a7614ad48c0cdc9e9e03a8fb8a
text/xml;28/09/2015 00:00:00;DotiDatiRiassuntivi_IAnni.xsl;33f5c5c01ab14a38a4de2104d5f2eb68;75212;a98b22554fd478df4afd03f2679f4a1b
text/xml;28/09/2015 00:00:00;PIPeDdP_DDF_IIAnno.xsl;1f3ed39183dc40e197e7c1ab88252acc;90728;8923ead05a15d847affc79be44b0cd9a
text/xml;28/09/2015 00:00:00;AttoAdesioneUnico_DatiRiassuntivi_IIAnni.xsl;a77c82d0ee31462c9a1e82c8da2851da;29178;fc5a647aa73f69d3db2a2fd94bec1d00
text/xml;28/09/2015 00:00:00;DRU_DDF_IIAnni.xsl;d4a30ae4aacb4fbfb4c16e5ba130ab69;67609;7ea5e4eb0d4b1d656ee81d186c9aefc8
text/xml;28/09/2015 00:00:00;DotiDatiRiassuntivi_IIAnni.xsl;8fed015757404616a79fc6e55b72b6d4;75289;6c1e203340c56d96efbb52b601f20f35
