[  [ { 
 "name" : "Report di default", 
 "description" : "DDF I anni - Report di default", 
 "creationDate" : "2015-09-29 01:02:44.867", 
 "templateName" : "DDF I anni", 
 "templateVersion" : "20", 
 "reportJson" : { 
 "report" : [ {
  "path" : "Bando_DotazioneFinCorsi_Iniziale",
  "header" : "Dotazione finanziaria corsi"
}, {
  "path" : "Bando_DotazioneFinCorsi_Rimanente",
  "header" : "Dotazione finanziaria corsi residua"
}, {
  "path" : "Bando_DotazioneFinDisabilita_Iniziale",
  "header" : "Dotazione finanziaria disabilità"
}, {
  "path" : "Bando_DotazioneFinDisabilita_Rimanente",
  "header" : "Dotazione finanziaria residua"
}, {
  "path" : "Bando_DotazioneFinOperatore_Iniziale",
  "header" : "Dotazione finanziaria operatore"
}, {
  "path" : "Bando_DotazioneFinOperatore_Rimanente",
  "header" : "Dotazione finanziaria operatore residua"
}, {
  "path" : "Bando_Nome",
  "header" : "Bando"
}, {
  "path" : "DataPubblicazioneAvviso",
  "header" : "DataPubblicazioneAvviso"
}, {
  "path" : "Domanda_Data",
  "header" : "Domanda_Data"
}, {
  "path" : "fasePratica",
  "header" : "fasePratica"
}, {
  "path" : "idPratica",
  "header" : "id Pratica"
}, {
  "path" : "idSottoprocedimento",
  "header" : "idSottoprocedimento"
}, {
  "path" : "idStrumentoAttuativo",
  "header" : "idStrumentoAttuativo"
}, {
  "path" : "lastUpdate",
  "header" : "lastUpdate"
}, {
  "path" : "Partecipante_CodiceFiscale",
  "header" : "Codice Fiscale destinatario"
}, {
  "path" : "Partecipante_Cognome",
  "header" : "Cognome destinatario"
}, {
  "path" : "Partecipante_DomicilioCap",
  "header" : "Partecipante_DomicilioCap"
}, {
  "path" : "Partecipante_DomicilioComeResidenza",
  "header" : "Partecipante_DomicilioComeResidenza"
}, {
  "path" : "Partecipante_DomicilioComune",
  "header" : "Partecipante_DomicilioComune"
}, {
  "path" : "Partecipante_DomicilioComuneDn",
  "header" : "Partecipante_DomicilioComuneDn"
}, {
  "path" : "Partecipante_DomicilioIndirizzo",
  "header" : "Partecipante_DomicilioIndirizzo"
}, {
  "path" : "Partecipante_DomicilioProvincia",
  "header" : "Partecipante_DomicilioProvincia"
}, {
  "path" : "Partecipante_DomicilioProvinciaDn",
  "header" : "Partecipante_DomicilioProvinciaDn"
}, {
  "path" : "Partecipante_DomicilioTelefono",
  "header" : "Partecipante_DomicilioTelefono"
}, {
  "path" : "Partecipante_Email",
  "header" : "Partecipante_Email"
}, {
  "path" : "Partecipante_Eta",
  "header" : "Partecipante_Eta"
}, {
  "path" : "Partecipante_Genere",
  "header" : "Partecipante_Genere"
}, {
  "path" : "Partecipante_NascitaComune",
  "header" : "Partecipante_NascitaComune"
}, {
  "path" : "Partecipante_NascitaComuneDn",
  "header" : "Partecipante_NascitaComuneDn"
}, {
  "path" : "Partecipante_NascitaData",
  "header" : "Partecipante_NascitaData"
}, {
  "path" : "Partecipante_NascitaProvincia",
  "header" : "Partecipante_NascitaProvincia"
}, {
  "path" : "Partecipante_NascitaProvinciaDn",
  "header" : "Partecipante_NascitaProvinciaDn"
}, {
  "path" : "Partecipante_Nome",
  "header" : "Cognome destinatario"
}, {
  "path" : "Partecipante_ResidenzaCap",
  "header" : "Partecipante_ResidenzaCap"
}, {
  "path" : "Partecipante_ResidenzaComune",
  "header" : "Partecipante_ResidenzaComune"
}, {
  "path" : "Partecipante_ResidenzaComuneDn",
  "header" : "Partecipante_ResidenzaComuneDn"
}, {
  "path" : "Partecipante_ResidenzaIndirizzo",
  "header" : "Partecipante_ResidenzaIndirizzo"
}, {
  "path" : "Partecipante_ResidenzaProvincia",
  "header" : "Partecipante_ResidenzaProvincia"
}, {
  "path" : "Partecipante_ResidenzaProvinciaDn",
  "header" : "Partecipante_ResidenzaProvinciaDn"
}, {
  "path" : "Partecipante_ResidenzaTelefono",
  "header" : "Partecipante_ResidenzaTelefono"
}, {
  "path" : "Partecipante_Stato",
  "header" : "Partecipante_Stato"
}, {
  "path" : "Partecipante_StatoDn",
  "header" : "Partecipante_StatoDn"
}, {
  "path" : "Partecipante_TitoloDiStudioData",
  "header" : "Partecipante_TitoloDiStudioData"
}, {
  "path" : "Partecipante_TitoloDiStudioNome",
  "header" : "Partecipante_TitoloDiStudioNome"
}, {
  "path" : "Partecipante_TitoloDiStudioPresso",
  "header" : "Partecipante_TitoloDiStudioPresso"
}, {
  "path" : "Referente_Cognome",
  "header" : "Referente_Cognome"
}, {
  "path" : "Referente_Email",
  "header" : "Referente_Email"
}, {
  "path" : "Referente_Nome",
  "header" : "Referente_Nome"
}, {
  "path" : "Referente_Telefono",
  "header" : "Referente_Telefono"
}, {
  "path" : "ReportAdesione_Area",
  "header" : "Area"
}, {
  "path" : "ReportAdesione_ComponenteDisabilita",
  "header" : "Componente disabilità"
}, {
  "path" : "ReportAdesione_IdAnnualita",
  "header" : "Id Annualita"
}, {
  "path" : "ReportAdesione_IdCorso",
  "header" : "Id Corso"
}, {
  "path" : "ReportAdesione_ImportoAmmissibileServizio",
  "header" : "Importo ammissibile formazione"
}, {
  "path" : "ReportAdesione_Indirizzo",
  "header" : "Indirizzo"
}, {
  "path" : "ReportAdesione_NomeServizio",
  "header" : "Corso"
}, {
  "path" : "ReportAdesione_OreServizio",
  "header" : "Ore"
}, {
  "path" : "ReportAdesione_QualificaDiploma",
  "header" : "Qualifica-Diploma"
}, {
  "path" : "Richiedente_CodiceFiscale",
  "header" : "Richiedente_CodiceFiscale"
}, {
  "path" : "Richiedente_Denominazione",
  "header" : "Operatore"
}, {
  "path" : "Richiedente_FirmatarioCodiceFiscale",
  "header" : "Richiedente_FirmatarioCodiceFiscale"
}, {
  "path" : "Richiedente_FirmatarioCognome",
  "header" : "Cognome Firmatario"
}, {
  "path" : "Richiedente_FirmatarioGenere",
  "header" : "Richiedente_FirmatarioGenere"
}, {
  "path" : "Richiedente_FirmatarioNascitaComune",
  "header" : "Richiedente_FirmatarioNascitaComune"
}, {
  "path" : "Richiedente_FirmatarioNascitaComuneDn",
  "header" : "Richiedente_FirmatarioNascitaComuneDn"
}, {
  "path" : "Richiedente_FirmatarioNascitaData",
  "header" : "Richiedente_FirmatarioNascitaData"
}, {
  "path" : "Richiedente_FirmatarioNascitaProvincia",
  "header" : "Richiedente_FirmatarioNascitaProvincia"
}, {
  "path" : "Richiedente_FirmatarioNascitaProvinciaDn",
  "header" : "Richiedente_FirmatarioNascitaProvinciaDn"
}, {
  "path" : "Richiedente_FirmatarioNome",
  "header" : "Nome Firmatario"
}, {
  "path" : "Richiedente_FirmatarioRappresentanteLegale",
  "header" : "Richiedente_FirmatarioRappresentanteLegale"
}, {
  "path" : "Richiedente_IdOperatore",
  "header" : "Id operatore"
}, {
  "path" : "Richiedente_IdSede",
  "header" : "Richiedente IdSede"
}, {
  "path" : "Richiedente_NaturaGiuridica",
  "header" : "Richiedente_NaturaGiuridica"
}, {
  "path" : "Richiedente_RappresentanteLegaleCodiceFiscale",
  "header" : "Richiedente_RappresentanteLegaleCodiceFiscale"
}, {
  "path" : "Richiedente_RappresentanteLegaleCognome",
  "header" : "Richiedente_RappresentanteLegaleCognome"
}, {
  "path" : "Richiedente_RappresentanteLegaleGenere",
  "header" : "Richiedente_RappresentanteLegaleGenere"
}, {
  "path" : "Richiedente_RappresentanteLegaleNascitaComune",
  "header" : "Richiedente_RappresentanteLegaleNascitaComune"
}, {
  "path" : "Richiedente_RappresentanteLegaleNascitaComuneDn",
  "header" : "Richiedente_RappresentanteLegaleNascitaComuneDn"
}, {
  "path" : "Richiedente_RappresentanteLegaleNascitaData",
  "header" : "Richiedente_RappresentanteLegaleNascitaData"
}, {
  "path" : "Richiedente_RappresentanteLegaleNascitaProvincia",
  "header" : "Richiedente_RappresentanteLegaleNascitaProvincia"
}, {
  "path" : "Richiedente_RappresentanteLegaleNascitaProvinciaDn",
  "header" : "Richiedente_RappresentanteLegaleNascitaProvinciaDn"
}, {
  "path" : "Richiedente_RappresentanteLegaleNome",
  "header" : "Richiedente_RappresentanteLegaleNome"
}, {
  "path" : "Richiedente_SedeLegaleComune",
  "header" : "Richiedente_SedeLegaleComune"
}, {
  "path" : "Richiedente_SedeLegaleComuneDn",
  "header" : "Richiedente_SedeLegaleComuneDn"
}, {
  "path" : "Richiedente_SedeLegaleIndirizzo",
  "header" : "Richiedente_SedeLegaleIndirizzo"
}, {
  "path" : "Richiedente_SedeLegaleProvincia",
  "header" : "Richiedente_SedeLegaleProvincia"
}, {
  "path" : "Richiedente_SedeLegaleProvinciaDn",
  "header" : "Richiedente_SedeLegaleProvinciaDn"
}, {
  "path" : "Richiedente_SedeOperativa",
  "header" : "Sede"
}, {
  "path" : "SedeProgetto_ComuneDn",
  "header" : "SedeProgetto_ComuneDn"
}, {
  "path" : "SedeProgetto_ProvinciaDn",
  "header" : "SedeProgetto_ProvinciaDn"
}, {
  "path" : "SintesiServizi_FormazioneTotaleImporti",
  "header" : "SintesiServizi_FormazioneTotaleImporti"
}, {
  "path" : "SintesiServizi_FormazioneTotaleOre",
  "header" : "SintesiServizi_FormazioneTotaleOre"
}, {
  "path" : "SintesiServizi_LavoroTotaleImporti",
  "header" : "SintesiServizi_LavoroTotaleImporti"
}, {
  "path" : "SintesiServizi_LavoroTotaleOre",
  "header" : "SintesiServizi_LavoroTotaleOre"
}, {
  "path" : "SintesiServizi_TotaleImporti",
  "header" : "Importo PIP"
}, {
  "path" : "SintesiServizi_TotaleImporti_LineaA",
  "header" : "SintesiServizi_TotaleImporti_LineaA"
}, {
  "path" : "SintesiServizi_TotaleImporti_LineaB",
  "header" : "SintesiServizi_TotaleImporti_LineaB"
}, {
  "path" : "Stato",
  "header" : "Stato"
}, {
  "path" : "statoPratica",
  "header" : "statoPratica"
}, {
  "path" : "title",
  "header" : "title"
}, {
  "path" : "TutorFormativo_CodiceFiscale",
  "header" : "TutorFormativo_CodiceFiscale"
}, {
  "path" : "TutorFormativo_Cognome",
  "header" : "TutorFormativo_Cognome"
}, {
  "path" : "TutorFormativo_EsperienzaAnni",
  "header" : "TutorFormativo_EsperienzaAnni"
}, {
  "path" : "TutorFormativo_Nome",
  "header" : "TutorFormativo_Nome"
}, {
  "path" : "TutorFormativo_TitoloDiStudioNome",
  "header" : "TutorFormativo_TitoloDiStudioNome"
} ] }} ]  ]