text/xml;27/09/2015 00:00:00;AttoAdesioneUnico_DatiRiassuntivi_IAnni.xsl;823e0676885944ff86971e65bd5b69c2;29171;10970befa0b60d1a441fd97512274957
text/xml;27/09/2015 00:00:00;Checklist_IAnniDDF.xsl;229b8175f32b42569a90ac6d6f9e567d;55622;452ff8a3ebfe339d3b652a95ca87e8fa
text/xml;27/09/2015 00:00:00;PIPeDdP_DDF_1Anno.xsl;d042358c750748f8ac13525dba7ef24a;90720;97852c75178b3ce211c223db50baa522
text/xml;27/09/2015 00:00:00;DRU_DDF_1Anno.xsl;dfb20e6f3a6e4623bc292236980905ac;67550;eb1731ef3035fe046960ef121dd807b9
text/xml;27/09/2015 00:00:00;AttoAdesioneUnicoDDF_IAnni.xsl;7424393893134aa49c306259d7c9647a;25600;0c064d3473e891c988cf43a14d8bb769
text/xml;27/09/2015 00:00:00;DotiDatiRiassuntivi_IAnni.xsl;e78b8b4d139741f3a64d6fff5c4fa8b3;75205;5d31b37a8cd146a09aba0e0db7d29bbd
text/xml;27/09/2015 00:00:00;AttoAdesioneUnico_DatiRiassuntivi_IIAnni.xsl;0f224a5934614419b303f68405f3f03c;29171;10970befa0b60d1a441fd97512274957
text/xml;27/09/2015 00:00:00;AttoAdesioneUnicoDDF_IIAnni.xsl;89ecf2d9e69a47e3b01576a7de5e54c1;25601;d15e87133f6b7759d6851fbbc12abe3f
text/xml;27/09/2015 00:00:00;Checklist_IIAnniDDF.xsl;5236d1abfd22483d98f4f2dfad3b4f1c;57242;6de5d6b4ca5db9bcd0712012d20de5a3
text/xml;27/09/2015 00:00:00;DotiDatiRiassuntivi_IIAnni.xsl;a2bf100e63ca4ba7823588b0dca53c8f;75282;195b0cfd0767db916f1be11d92dafed9
text/xml;27/09/2015 00:00:00;DRU_DDF_IIAnni.xsl;077e8d4ae26541d38abf2fcd32243107;67551;be42dfb2367ae47d5aa170f812f4192d
text/xml;27/09/2015 00:00:00;PIPeDdP_DDF_IIAnno.xsl;883b9b69bfb34aa7a3691fa9dc595014;90723;6ad7c5a9ce01324f0d7ba10d3eb4cbc3
